"","sampling.day","mesocosm","value","parameter"
"1",1,"M1",19.77805091,"temp"
"2",2,"M1",19.72889949,"temp"
"3",3,"M1",19.67989073,"temp"
"4",4,"M1",19.51443419,"temp"
"5",6,"M1",19.67882091,"temp"
"6",8,"M1",18.51829023,"temp"
"7",10,"M1",18.83056178,"temp"
"8",12,"M1",18.81435293,"temp"
"9",13,"M1",19.16138579,"temp"
"10",14,"M1",19.42479514,"temp"
"11",15,"M1",19.94921454,"temp"
"12",16,"M1",19.83930932,"temp"
"13",17,"M1",19.87965512,"temp"
"14",18,"M1",20.20112671,"temp"
"15",20,"M1",20.13862957,"temp"
"16",22,"M1",20.09423895,"temp"
"17",24,"M1",19.87125429,"temp"
"18",26,"M1",20.04377133,"temp"
"19",28,"M1",19.76925948,"temp"
"20",30,"M1",19.8950432,"temp"
"21",32,"M1",19.75436449,"temp"
"22",34,"M1",19.67914075,"temp"
"23",36,"M1",19.76361916,"temp"
"24",38,"M1",18.48201512,"temp"
"25",40,"M1",18.4888365,"temp"
"26",42,"M1",18.59330111,"temp"
"27",44,"M1",18.31879346,"temp"
"28",46,"M1",17.96018729,"temp"
"29",48,"M1",18.13524619,"temp"
"30",50,"M1",18.17045245,"temp"
"31",1,"M2",19.73180955,"temp"
"32",2,"M2",19.73363645,"temp"
"33",3,"M2",19.74040346,"temp"
"34",4,"M2",19.54905677,"temp"
"35",6,"M2",19.69354044,"temp"
"36",8,"M2",18.51431848,"temp"
"37",10,"M2",18.83410226,"temp"
"38",12,"M2",18.91568055,"temp"
"39",13,"M2",19.26803651,"temp"
"40",14,"M2",19.43135628,"temp"
"41",15,"M2",19.94693385,"temp"
"42",16,"M2",19.87598736,"temp"
"43",17,"M2",19.87750791,"temp"
"44",18,"M2",20.20340008,"temp"
"45",20,"M2",20.16544329,"temp"
"46",22,"M2",20.10943766,"temp"
"47",24,"M2",19.8793903,"temp"
"48",26,"M2",20.05537213,"temp"
"49",28,"M2",19.82658471,"temp"
"50",30,"M2",19.90483236,"temp"
"51",32,"M2",19.7592775,"temp"
"52",34,"M2",19.68374647,"temp"
"53",36,"M2",19.7338685,"temp"
"54",38,"M2",18.51441201,"temp"
"55",40,"M2",18.49103688,"temp"
"56",42,"M2",18.60037537,"temp"
"57",44,"M2",18.32207516,"temp"
"58",46,"M2",18.01583329,"temp"
"59",48,"M2",18.13382066,"temp"
"60",50,"M2",18.17533595,"temp"
"61",1,"M3",19.76291733,"temp"
"62",2,"M3",19.72771917,"temp"
"63",3,"M3",19.70505324,"temp"
"64",4,"M3",19.54509065,"temp"
"65",6,"M3",19.66499251,"temp"
"66",8,"M3",18.4666523,"temp"
"67",10,"M3",18.83410226,"temp"
"68",12,"M3",18.88290256,"temp"
"69",13,"M3",19.25486034,"temp"
"70",14,"M3",19.46372123,"temp"
"71",15,"M3",19.981676,"temp"
"72",16,"M3",19.80417431,"temp"
"73",17,"M3",19.81151425,"temp"
"74",18,"M3",20.1622716,"temp"
"75",20,"M3",20.0556418,"temp"
"76",22,"M3",20.11709272,"temp"
"77",24,"M3",19.86172631,"temp"
"78",26,"M3",20.02012951,"temp"
"79",28,"M3",19.73771583,"temp"
"80",30,"M3",19.9068313,"temp"
"81",32,"M3",19.73196642,"temp"
"82",34,"M3",19.68472421,"temp"
"83",36,"M3",19.71110246,"temp"
"84",38,"M3",18.42524418,"temp"
"85",40,"M3",18.43405136,"temp"
"86",42,"M3",18.52870157,"temp"
"87",44,"M3",18.29840931,"temp"
"88",46,"M3",17.9852771,"temp"
"89",48,"M3",18.13241428,"temp"
"90",50,"M3",18.16471668,"temp"
"91",1,"M4",19.80706372,"temp"
"92",2,"M4",19.75531819,"temp"
"93",3,"M4",19.72697908,"temp"
"94",4,"M4",19.53770595,"temp"
"95",6,"M4",19.69332946,"temp"
"96",8,"M4",18.48967449,"temp"
"97",10,"M4",18.88533852,"temp"
"98",12,"M4",18.86331308,"temp"
"99",13,"M4",19.16717388,"temp"
"100",14,"M4",19.45888674,"temp"
"101",15,"M4",19.9645895,"temp"
"102",16,"M4",19.82401248,"temp"
"103",17,"M4",19.87432588,"temp"
"104",18,"M4",20.17166981,"temp"
"105",20,"M4",20.11537711,"temp"
"106",22,"M4",20.13696973,"temp"
"107",24,"M4",19.86280255,"temp"
"108",26,"M4",20.02395684,"temp"
"109",28,"M4",19.81385925,"temp"
"110",30,"M4",19.96323961,"temp"
"111",32,"M4",19.75467529,"temp"
"112",34,"M4",19.69307989,"temp"
"113",36,"M4",19.73039498,"temp"
"114",38,"M4",18.49326034,"temp"
"115",40,"M4",18.48322102,"temp"
"116",42,"M4",18.55879134,"temp"
"117",44,"M4",18.30484312,"temp"
"118",46,"M4",18.01668915,"temp"
"119",48,"M4",18.13098909,"temp"
"120",50,"M4",18.16576828,"temp"
"121",1,"M5",19.7493812,"temp"
"122",2,"M5",19.72913776,"temp"
"123",3,"M5",19.66653475,"temp"
"124",4,"M5",19.51313818,"temp"
"125",6,"M5",19.64415085,"temp"
"126",8,"M5",18.48649042,"temp"
"127",10,"M5",18.84399136,"temp"
"128",12,"M5",18.89354817,"temp"
"129",13,"M5",19.19412919,"temp"
"130",14,"M5",19.47240358,"temp"
"131",15,"M5",19.97911731,"temp"
"132",16,"M5",19.82317413,"temp"
"133",17,"M5",19.88884142,"temp"
"134",18,"M5",20.19030071,"temp"
"135",20,"M5",20.02681999,"temp"
"136",22,"M5",20.09260387,"temp"
"137",24,"M5",19.84506181,"temp"
"138",26,"M5",20.00780604,"temp"
"139",28,"M5",19.74720657,"temp"
"140",30,"M5",19.94966389,"temp"
"141",32,"M5",19.75897591,"temp"
"142",34,"M5",19.68192586,"temp"
"143",36,"M5",19.69919522,"temp"
"144",38,"M5",18.43645625,"temp"
"145",40,"M5",18.46393941,"temp"
"146",42,"M5",18.52195057,"temp"
"147",44,"M5",18.30666417,"temp"
"148",46,"M5",17.99190958,"temp"
"149",48,"M5",18.1493781,"temp"
"150",50,"M5",18.16256992,"temp"
"151",1,"M6",19.7485543,"temp"
"152",2,"M6",19.73655194,"temp"
"153",3,"M6",19.69615104,"temp"
"154",4,"M6",19.50025017,"temp"
"155",6,"M6",19.64192165,"temp"
"156",8,"M6",18.50216272,"temp"
"157",10,"M6",18.89838134,"temp"
"158",12,"M6",18.96905868,"temp"
"159",13,"M6",19.28067932,"temp"
"160",14,"M6",19.48422937,"temp"
"161",15,"M6",20.01133416,"temp"
"162",16,"M6",19.8556958,"temp"
"163",17,"M6",19.86999631,"temp"
"164",18,"M6",20.1785104,"temp"
"165",20,"M6",20.02614408,"temp"
"166",22,"M6",20.15008831,"temp"
"167",24,"M6",19.84308384,"temp"
"168",26,"M6",19.99506537,"temp"
"169",28,"M6",NA,"temp"
"170",30,"M6",19.96293573,"temp"
"171",32,"M6",19.73369869,"temp"
"172",34,"M6",19.70647718,"temp"
"173",36,"M6",19.68918457,"temp"
"174",38,"M6",18.43847973,"temp"
"175",40,"M6",18.45867834,"temp"
"176",42,"M6",18.50251726,"temp"
"177",44,"M6",18.3036633,"temp"
"178",46,"M6",18.00818896,"temp"
"179",48,"M6",18.13808038,"temp"
"180",50,"M6",18.1577798,"temp"
"181",1,"M7",19.70045063,"temp"
"182",2,"M7",19.71193278,"temp"
"183",3,"M7",19.63538726,"temp"
"184",4,"M7",19.47586764,"temp"
"185",6,"M7",19.63560575,"temp"
"186",8,"M7",18.47876812,"temp"
"187",10,"M7",18.84347673,"temp"
"188",12,"M7",18.97046688,"temp"
"189",13,"M7",19.26187742,"temp"
"190",14,"M7",19.45591547,"temp"
"191",15,"M7",19.97992176,"temp"
"192",16,"M7",19.8131616,"temp"
"193",17,"M7",19.85464875,"temp"
"194",18,"M7",20.17110032,"temp"
"195",20,"M7",19.99301292,"temp"
"196",22,"M7",20.08750592,"temp"
"197",24,"M7",19.84180477,"temp"
"198",26,"M7",19.98620747,"temp"
"199",28,"M7",NA,"temp"
"200",30,"M7",19.92863233,"temp"
"201",32,"M7",19.70838597,"temp"
"202",34,"M7",19.68810875,"temp"
"203",36,"M7",19.67911168,"temp"
"204",38,"M7",18.4152188,"temp"
"205",40,"M7",18.39792308,"temp"
"206",42,"M7",18.52249751,"temp"
"207",44,"M7",18.29130187,"temp"
"208",46,"M7",17.99406412,"temp"
"209",48,"M7",18.14524301,"temp"
"210",50,"M7",18.13746782,"temp"
"211",1,"M8",19.71063892,"temp"
"212",2,"M8",19.73186846,"temp"
"213",3,"M8",19.66931194,"temp"
"214",4,"M8",19.50208977,"temp"
"215",6,"M8",19.62935124,"temp"
"216",8,"M8",18.49462043,"temp"
"217",10,"M8",18.87637042,"temp"
"218",12,"M8",18.7989415,"temp"
"219",13,"M8",19.19845344,"temp"
"220",14,"M8",19.48753909,"temp"
"221",15,"M8",19.98311286,"temp"
"222",16,"M8",19.8204537,"temp"
"223",17,"M8",19.86886979,"temp"
"224",18,"M8",20.17074168,"temp"
"225",20,"M8",20.00632369,"temp"
"226",22,"M8",20.10550793,"temp"
"227",24,"M8",19.83667313,"temp"
"228",26,"M8",19.97814661,"temp"
"229",28,"M8",NA,"temp"
"230",30,"M8",19.94485172,"temp"
"231",32,"M8",19.71483041,"temp"
"232",34,"M8",19.69673941,"temp"
"233",36,"M8",19.66081929,"temp"
"234",38,"M8",18.43690498,"temp"
"235",40,"M8",18.44877277,"temp"
"236",42,"M8",18.54138523,"temp"
"237",44,"M8",18.27314009,"temp"
"238",46,"M8",18.01643563,"temp"
"239",48,"M8",18.14178938,"temp"
"240",50,"M8",18.14725965,"temp"
"241",1,"Pacific",19.84925618,"temp"
"242",2,"Pacific",19.75330104,"temp"
"243",3,"Pacific",19.10761281,"temp"
"244",4,"Pacific",19.31044238,"temp"
"245",6,"Pacific",19.43623066,"temp"
"246",8,"Pacific",18.36898747,"temp"
"247",10,"Pacific",18.74711733,"temp"
"248",12,"Pacific",18.41684304,"temp"
"249",13,"Pacific",19.17033271,"temp"
"250",14,"Pacific",19.62439786,"temp"
"251",15,"Pacific",20.69838409,"temp"
"252",16,"Pacific",19.72930466,"temp"
"253",17,"Pacific",19.38444384,"temp"
"254",18,"Pacific",19.73087584,"temp"
"255",20,"Pacific",19.69374931,"temp"
"256",22,"Pacific",20.23360599,"temp"
"257",24,"Pacific",19.77895259,"temp"
"258",26,"Pacific",19.69298872,"temp"
"259",28,"Pacific",19.85542477,"temp"
"260",30,"Pacific",20.00680249,"temp"
"261",32,"Pacific",19.5628971,"temp"
"262",34,"Pacific",19.84009076,"temp"
"263",36,"Pacific",19.56388748,"temp"
"264",38,"Pacific",18.31087924,"temp"
"265",40,"Pacific",18.20259448,"temp"
"266",42,"Pacific",18.20947924,"temp"
"267",44,"Pacific",18.04927229,"temp"
"268",46,"Pacific",17.87293638,"temp"
"269",48,"Pacific",18.40445539,"temp"
"270",50,"Pacific",18.0575131,"temp"
"271",1,"M1",35.16887743,"sal"
"272",2,"M1",35.18430073,"sal"
"273",3,"M1",35.19197161,"sal"
"274",4,"M1",35.19445271,"sal"
"275",6,"M1",35.18870853,"sal"
"276",8,"M1",35.20166076,"sal"
"277",10,"M1",35.21302104,"sal"
"278",12,"M1",35.2275988,"sal"
"279",13,"M1",35.22590916,"sal"
"280",14,"M1",35.58463722,"sal"
"281",15,"M1",35.60439929,"sal"
"282",16,"M1",35.59790897,"sal"
"283",17,"M1",35.61089738,"sal"
"284",18,"M1",35.59834644,"sal"
"285",20,"M1",35.60771392,"sal"
"286",22,"M1",35.60915378,"sal"
"287",24,"M1",35.60832037,"sal"
"288",26,"M1",35.61565523,"sal"
"289",28,"M1",35.63166544,"sal"
"290",30,"M1",35.62915983,"sal"
"291",32,"M1",35.63527825,"sal"
"292",34,"M1",35.84552025,"sal"
"293",36,"M1",35.87409035,"sal"
"294",38,"M1",35.86430906,"sal"
"295",40,"M1",35.88569607,"sal"
"296",42,"M1",35.89512218,"sal"
"297",44,"M1",35.88706227,"sal"
"298",46,"M1",35.90473644,"sal"
"299",48,"M1",35.90023609,"sal"
"300",50,"M1",35.90636446,"sal"
"301",1,"M2",35.18973163,"sal"
"302",2,"M2",35.20337264,"sal"
"303",3,"M2",35.21497554,"sal"
"304",4,"M2",35.20958479,"sal"
"305",6,"M2",35.20804366,"sal"
"306",8,"M2",35.22067948,"sal"
"307",10,"M2",35.21064415,"sal"
"308",12,"M2",35.24148517,"sal"
"309",13,"M2",35.23543617,"sal"
"310",14,"M2",35.58786551,"sal"
"311",15,"M2",35.60316403,"sal"
"312",16,"M2",35.59972316,"sal"
"313",17,"M2",35.60428663,"sal"
"314",18,"M2",35.59268817,"sal"
"315",20,"M2",35.60728472,"sal"
"316",22,"M2",35.61347761,"sal"
"317",24,"M2",35.61186631,"sal"
"318",26,"M2",35.61799454,"sal"
"319",28,"M2",35.63484435,"sal"
"320",30,"M2",35.63779288,"sal"
"321",32,"M2",35.6415201,"sal"
"322",34,"M2",35.8477472,"sal"
"323",36,"M2",35.87547763,"sal"
"324",38,"M2",35.88146244,"sal"
"325",40,"M2",35.88376796,"sal"
"326",42,"M2",35.89282204,"sal"
"327",44,"M2",35.88148306,"sal"
"328",46,"M2",35.90171613,"sal"
"329",48,"M2",35.89957569,"sal"
"330",50,"M2",35.90337724,"sal"
"331",1,"M3",35.17174458,"sal"
"332",2,"M3",35.18505178,"sal"
"333",3,"M3",35.18993872,"sal"
"334",4,"M3",35.19380227,"sal"
"335",6,"M3",35.19047132,"sal"
"336",8,"M3",35.2050179,"sal"
"337",10,"M3",35.21064415,"sal"
"338",12,"M3",35.22508235,"sal"
"339",13,"M3",35.22383959,"sal"
"340",14,"M3",35.57359785,"sal"
"341",15,"M3",35.57693958,"sal"
"342",16,"M3",35.59526114,"sal"
"343",17,"M3",35.60176303,"sal"
"344",18,"M3",35.59661149,"sal"
"345",20,"M3",35.60524833,"sal"
"346",22,"M3",35.61144931,"sal"
"347",24,"M3",35.60540611,"sal"
"348",26,"M3",35.61695444,"sal"
"349",28,"M3",35.62742813,"sal"
"350",30,"M3",35.62815051,"sal"
"351",32,"M3",35.62970997,"sal"
"352",34,"M3",35.85314291,"sal"
"353",36,"M3",35.88536602,"sal"
"354",38,"M3",35.88235144,"sal"
"355",40,"M3",35.88705104,"sal"
"356",42,"M3",35.89845436,"sal"
"357",44,"M3",35.88806581,"sal"
"358",46,"M3",35.90970559,"sal"
"359",48,"M3",35.90587971,"sal"
"360",50,"M3",35.90937978,"sal"
"361",1,"M4",35.16380604,"sal"
"362",2,"M4",35.17537871,"sal"
"363",3,"M4",35.18421338,"sal"
"364",4,"M4",35.18197134,"sal"
"365",6,"M4",35.18274046,"sal"
"366",8,"M4",35.19561503,"sal"
"367",10,"M4",35.20197216,"sal"
"368",12,"M4",35.22155881,"sal"
"369",13,"M4",35.22375388,"sal"
"370",14,"M4",35.58225589,"sal"
"371",15,"M4",35.59094035,"sal"
"372",16,"M4",35.59656627,"sal"
"373",17,"M4",35.6005238,"sal"
"374",18,"M4",35.59714241,"sal"
"375",20,"M4",35.60167871,"sal"
"376",22,"M4",35.58402806,"sal"
"377",24,"M4",35.59770477,"sal"
"378",26,"M4",35.60564743,"sal"
"379",28,"M4",35.61830757,"sal"
"380",30,"M4",35.6228283,"sal"
"381",32,"M4",35.63052109,"sal"
"382",34,"M4",35.83880759,"sal"
"383",36,"M4",35.84948049,"sal"
"384",38,"M4",35.85189787,"sal"
"385",40,"M4",35.85339404,"sal"
"386",42,"M4",35.86316267,"sal"
"387",44,"M4",35.85500869,"sal"
"388",46,"M4",35.87302863,"sal"
"389",48,"M4",35.86783865,"sal"
"390",50,"M4",35.87525366,"sal"
"391",1,"M5",35.18141493,"sal"
"392",2,"M5",35.19702304,"sal"
"393",3,"M5",35.20174238,"sal"
"394",4,"M5",35.2017046,"sal"
"395",6,"M5",35.2001862,"sal"
"396",8,"M5",35.21421736,"sal"
"397",10,"M5",35.22071832,"sal"
"398",12,"M5",35.24122558,"sal"
"399",13,"M5",35.22979282,"sal"
"400",14,"M5",35.59554138,"sal"
"401",15,"M5",35.59689324,"sal"
"402",16,"M5",35.60195519,"sal"
"403",17,"M5",35.61667962,"sal"
"404",18,"M5",35.60599388,"sal"
"405",20,"M5",35.61733601,"sal"
"406",22,"M5",35.63730345,"sal"
"407",24,"M5",35.61802721,"sal"
"408",26,"M5",35.62282393,"sal"
"409",28,"M5",35.63737791,"sal"
"410",30,"M5",35.64032372,"sal"
"411",32,"M5",35.64683464,"sal"
"412",34,"M5",35.86042812,"sal"
"413",36,"M5",35.88923232,"sal"
"414",38,"M5",35.88753629,"sal"
"415",40,"M5",35.88855298,"sal"
"416",42,"M5",35.90003481,"sal"
"417",44,"M5",35.89167553,"sal"
"418",46,"M5",35.90935082,"sal"
"419",48,"M5",35.90766923,"sal"
"420",50,"M5",35.91061855,"sal"
"421",1,"M6",35.19036949,"sal"
"422",2,"M6",35.20274864,"sal"
"423",3,"M6",35.20853288,"sal"
"424",4,"M6",35.20581075,"sal"
"425",6,"M6",35.20437872,"sal"
"426",8,"M6",35.18091809,"sal"
"427",10,"M6",35.22576886,"sal"
"428",12,"M6",35.23969498,"sal"
"429",13,"M6",35.23372831,"sal"
"430",14,"M6",35.60345762,"sal"
"431",15,"M6",35.60459789,"sal"
"432",16,"M6",35.60267511,"sal"
"433",17,"M6",35.62399074,"sal"
"434",18,"M6",35.61852915,"sal"
"435",20,"M6",35.62268493,"sal"
"436",22,"M6",35.63332491,"sal"
"437",24,"M6",35.62795856,"sal"
"438",26,"M6",35.63638157,"sal"
"439",28,"M6",NA,"sal"
"440",30,"M6",35.66117357,"sal"
"441",32,"M6",35.66177466,"sal"
"442",34,"M6",35.87413921,"sal"
"443",36,"M6",35.90123284,"sal"
"444",38,"M6",35.89944465,"sal"
"445",40,"M6",35.90485835,"sal"
"446",42,"M6",35.92019567,"sal"
"447",44,"M6",35.91264757,"sal"
"448",46,"M6",35.93034674,"sal"
"449",48,"M6",35.92945307,"sal"
"450",50,"M6",35.93637852,"sal"
"451",1,"M7",35.19400509,"sal"
"452",2,"M7",35.2033759,"sal"
"453",3,"M7",35.2103613,"sal"
"454",4,"M7",35.20994591,"sal"
"455",6,"M7",35.20473997,"sal"
"456",8,"M7",35.22236979,"sal"
"457",10,"M7",35.22884077,"sal"
"458",12,"M7",35.24111302,"sal"
"459",13,"M7",35.23716643,"sal"
"460",14,"M7",35.61357282,"sal"
"461",15,"M7",35.61824585,"sal"
"462",16,"M7",35.62152727,"sal"
"463",17,"M7",35.6373641,"sal"
"464",18,"M7",35.62646438,"sal"
"465",20,"M7",35.63753272,"sal"
"466",22,"M7",35.65047845,"sal"
"467",24,"M7",35.63785519,"sal"
"468",26,"M7",35.64578313,"sal"
"469",28,"M7",NA,"sal"
"470",30,"M7",35.66223402,"sal"
"471",32,"M7",35.66581282,"sal"
"472",34,"M7",35.88952853,"sal"
"473",36,"M7",35.92361353,"sal"
"474",38,"M7",35.92167994,"sal"
"475",40,"M7",35.92334529,"sal"
"476",42,"M7",35.93404179,"sal"
"477",44,"M7",35.9274144,"sal"
"478",46,"M7",35.94396586,"sal"
"479",48,"M7",35.94402424,"sal"
"480",50,"M7",35.94605606,"sal"
"481",1,"M8",35.18239257,"sal"
"482",2,"M8",35.19839331,"sal"
"483",3,"M8",35.20700028,"sal"
"484",4,"M8",35.20523469,"sal"
"485",6,"M8",35.20384504,"sal"
"486",8,"M8",35.21720821,"sal"
"487",10,"M8",35.22468881,"sal"
"488",12,"M8",35.23901775,"sal"
"489",13,"M8",35.23880977,"sal"
"490",14,"M8",35.60580408,"sal"
"491",15,"M8",35.60991863,"sal"
"492",16,"M8",35.61169356,"sal"
"493",17,"M8",35.61944439,"sal"
"494",18,"M8",35.61580779,"sal"
"495",20,"M8",35.62842462,"sal"
"496",22,"M8",35.63293774,"sal"
"497",24,"M8",35.62403979,"sal"
"498",26,"M8",35.63666732,"sal"
"499",28,"M8",NA,"sal"
"500",30,"M8",35.66133675,"sal"
"501",32,"M8",35.66415442,"sal"
"502",34,"M8",35.87721802,"sal"
"503",36,"M8",35.906984,"sal"
"504",38,"M8",35.91010646,"sal"
"505",40,"M8",35.90806929,"sal"
"506",42,"M8",35.91939361,"sal"
"507",44,"M8",35.91818641,"sal"
"508",46,"M8",35.92953424,"sal"
"509",48,"M8",35.93008091,"sal"
"510",50,"M8",35.93643424,"sal"
"511",1,"Pacific",35.17500188,"sal"
"512",2,"Pacific",35.19998884,"sal"
"513",3,"Pacific",35.21316878,"sal"
"514",4,"Pacific",35.21143568,"sal"
"515",6,"Pacific",35.20303526,"sal"
"516",8,"Pacific",35.21027211,"sal"
"517",10,"Pacific",35.1598317,"sal"
"518",12,"Pacific",35.21523755,"sal"
"519",13,"Pacific",35.00798682,"sal"
"520",14,"Pacific",35.13086612,"sal"
"521",15,"Pacific",35.15907926,"sal"
"522",16,"Pacific",35.14917442,"sal"
"523",17,"Pacific",35.19478272,"sal"
"524",18,"Pacific",35.18003072,"sal"
"525",20,"Pacific",35.15947018,"sal"
"526",22,"Pacific",34.84901122,"sal"
"527",24,"Pacific",35.1241266,"sal"
"528",26,"Pacific",35.14361641,"sal"
"529",28,"Pacific",35.17219978,"sal"
"530",30,"Pacific",34.9946239,"sal"
"531",32,"Pacific",35.22083208,"sal"
"532",34,"Pacific",35.23217047,"sal"
"533",36,"Pacific",35.21254614,"sal"
"534",38,"Pacific",35.24062709,"sal"
"535",40,"Pacific",35.27629435,"sal"
"536",42,"Pacific",35.2383822,"sal"
"537",44,"Pacific",35.23130168,"sal"
"538",46,"Pacific",35.23633112,"sal"
"539",48,"Pacific",35.22949153,"sal"
"540",50,"Pacific",35.22945541,"sal"
"541",1,"M1",6.847404726,"NOx"
"542",2,"M1",6.882948597,"NOx"
"543",3,"M1",6.556166573,"NOx"
"544",4,"M1",5.442965037,"NOx"
"545",6,"M1",5.121179304,"NOx"
"546",8,"M1",4.86975797,"NOx"
"547",10,"M1",4.370101266,"NOx"
"548",12,"M1",3.510616211,"NOx"
"549",13,"M1",2.170235715,"NOx"
"550",14,"M1",1.839934435,"NOx"
"551",15,"M1",1.542083689,"NOx"
"552",16,"M1",0.833608204,"NOx"
"553",17,"M1",0.874413805,"NOx"
"554",18,"M1",0.484300542,"NOx"
"555",20,"M1",0.227854263,"NOx"
"556",22,"M1",0.063806377,"NOx"
"557",24,"M1",0.046875009,"NOx"
"558",26,"M1",0.086468822,"NOx"
"559",28,"M1",0.107055081,"NOx"
"560",30,"M1",0.154862644,"NOx"
"561",32,"M1",0,"NOx"
"562",34,"M1",0.194065376,"NOx"
"563",36,"M1",0.033238235,"NOx"
"564",38,"M1",0.047972693,"NOx"
"565",40,"M1",0.130595099,"NOx"
"566",42,"M1",0.042977767,"NOx"
"567",44,"M1",0.003260253,"NOx"
"568",46,"M1",0.037229248,"NOx"
"569",48,"M1",0.027422149,"NOx"
"570",50,"M1",0.074572514,"NOx"
"571",1,"M2",7.033995102,"NOx"
"572",2,"M2",6.167017015,"NOx"
"573",3,"M2",5.768523041,"NOx"
"574",4,"M2",3.581876994,"NOx"
"575",6,"M2",3.547863768,"NOx"
"576",8,"M2",3.112524049,"NOx"
"577",10,"M2",2.736891868,"NOx"
"578",12,"M2",3.496948706,"NOx"
"579",13,"M2",3.603861938,"NOx"
"580",14,"M2",2.746301908,"NOx"
"581",15,"M2",2.075299592,"NOx"
"582",16,"M2",1.276526661,"NOx"
"583",17,"M2",1.159276128,"NOx"
"584",18,"M2",0.572153895,"NOx"
"585",20,"M2",0.294218618,"NOx"
"586",22,"M2",0.056892956,"NOx"
"587",24,"M2",0.020515835,"NOx"
"588",26,"M2",0.065593398,"NOx"
"589",28,"M2",0.040314233,"NOx"
"590",30,"M2",0.07097368,"NOx"
"591",32,"M2",0,"NOx"
"592",34,"M2",0.054052932,"NOx"
"593",36,"M2",0.056775772,"NOx"
"594",38,"M2",0.037087777,"NOx"
"595",40,"M2",0.065917705,"NOx"
"596",42,"M2",0.029836971,"NOx"
"597",44,"M2",0.006662644,"NOx"
"598",46,"M2",0.031634375,"NOx"
"599",48,"M2",0.084930909,"NOx"
"600",50,"M2",0.124974215,"NOx"
"601",1,"M3",6.894621743,"NOx"
"602",2,"M3",7.311714017,"NOx"
"603",3,"M3",6.710724501,"NOx"
"604",4,"M3",5.714937834,"NOx"
"605",6,"M3",5.993314549,"NOx"
"606",8,"M3",5.411546607,"NOx"
"607",10,"M3",5.400586406,"NOx"
"608",12,"M3",5.918713392,"NOx"
"609",13,"M3",5.508010002,"NOx"
"610",14,"M3",5.029240114,"NOx"
"611",15,"M3",4.556159927,"NOx"
"612",16,"M3",2.813828652,"NOx"
"613",17,"M3",3.401674927,"NOx"
"614",18,"M3",1.919664016,"NOx"
"615",20,"M3",3.006461248,"NOx"
"616",22,"M3",2.491058507,"NOx"
"617",24,"M3",0.91118183,"NOx"
"618",26,"M3",0.101839109,"NOx"
"619",28,"M3",0.054443176,"NOx"
"620",30,"M3",0.047647634,"NOx"
"621",32,"M3",0.043575541,"NOx"
"622",34,"M3",0.059580933,"NOx"
"623",36,"M3",0.001818806,"NOx"
"624",38,"M3",0.172213407,"NOx"
"625",40,"M3",0.031188977,"NOx"
"626",42,"M3",0.052441076,"NOx"
"627",44,"M3",0.000864912,"NOx"
"628",46,"M3",0.019171202,"NOx"
"629",48,"M3",0.1374164,"NOx"
"630",50,"M3",0.093183325,"NOx"
"631",1,"M4",5.605355657,"NOx"
"632",2,"M4",5.930390174,"NOx"
"633",3,"M4",5.731099678,"NOx"
"634",4,"M4",5.134422763,"NOx"
"635",6,"M4",5.460893675,"NOx"
"636",8,"M4",4.618071499,"NOx"
"637",10,"M4",4.31110087,"NOx"
"638",12,"M4",3.202501521,"NOx"
"639",13,"M4",2.054883671,"NOx"
"640",14,"M4",1.764421452,"NOx"
"641",15,"M4",1.660633111,"NOx"
"642",16,"M4",1.057681007,"NOx"
"643",17,"M4",1.305347708,"NOx"
"644",18,"M4",0.513582848,"NOx"
"645",20,"M4",1.236441125,"NOx"
"646",22,"M4",1.1925123,"NOx"
"647",24,"M4",0.986390035,"NOx"
"648",26,"M4",0.463407729,"NOx"
"649",28,"M4",0.335319478,"NOx"
"650",30,"M4",0.117322142,"NOx"
"651",32,"M4",0.091851905,"NOx"
"652",34,"M4",0.050025448,"NOx"
"653",36,"M4",0.218730618,"NOx"
"654",38,"M4",0.061720267,"NOx"
"655",40,"M4",0.07767885,"NOx"
"656",42,"M4",0.071521462,"NOx"
"657",44,"M4",0.128642321,"NOx"
"658",46,"M4",0.030619073,"NOx"
"659",48,"M4",0.154368697,"NOx"
"660",50,"M4",0.157865278,"NOx"
"661",1,"M5",6.505036681,"NOx"
"662",2,"M5",6.499934827,"NOx"
"663",3,"M5",5.859216268,"NOx"
"664",4,"M5",4.915628083,"NOx"
"665",6,"M5",4.601879244,"NOx"
"666",8,"M5",4.09428265,"NOx"
"667",10,"M5",4.184468218,"NOx"
"668",12,"M5",3.39429263,"NOx"
"669",13,"M5",1.960590139,"NOx"
"670",14,"M5",1.350892616,"NOx"
"671",15,"M5",1.184488547,"NOx"
"672",16,"M5",0.732963654,"NOx"
"673",17,"M5",0.843436212,"NOx"
"674",18,"M5",0.307169185,"NOx"
"675",20,"M5",0.184411866,"NOx"
"676",22,"M5",0.045192004,"NOx"
"677",24,"M5",0.016471568,"NOx"
"678",26,"M5",0.057863853,"NOx"
"679",28,"M5",0.104341383,"NOx"
"680",30,"M5",0.056224616,"NOx"
"681",32,"M5",0.010002628,"NOx"
"682",34,"M5",0.137973281,"NOx"
"683",36,"M5",0.018070187,"NOx"
"684",38,"M5",0.008127222,"NOx"
"685",40,"M5",0.020101698,"NOx"
"686",42,"M5",0.013152988,"NOx"
"687",44,"M5",0.002444542,"NOx"
"688",46,"M5",0,"NOx"
"689",48,"M5",0.077699432,"NOx"
"690",50,"M5",0.123720017,"NOx"
"691",1,"M6",6.962064512,"NOx"
"692",2,"M6",6.397529236,"NOx"
"693",3,"M6",5.361885393,"NOx"
"694",4,"M6",4.110509118,"NOx"
"695",6,"M6",3.892551585,"NOx"
"696",8,"M6",3.531407305,"NOx"
"697",10,"M6",3.395668745,"NOx"
"698",12,"M6",3.888346633,"NOx"
"699",13,"M6",3.813231912,"NOx"
"700",14,"M6",2.822443284,"NOx"
"701",15,"M6",2.347071405,"NOx"
"702",16,"M6",1.169040557,"NOx"
"703",17,"M6",1.905001136,"NOx"
"704",18,"M6",1.152473089,"NOx"
"705",20,"M6",1.293813002,"NOx"
"706",22,"M6",0.454779324,"NOx"
"707",24,"M6",0.021250626,"NOx"
"708",26,"M6",0.066763942,"NOx"
"709",28,"M6",0.055328085,"NOx"
"710",30,"M6",0.059338658,"NOx"
"711",32,"M6",0.00595469,"NOx"
"712",34,"M6",0.044563405,"NOx"
"713",36,"M6",0.019037831,"NOx"
"714",38,"M6",0.015204803,"NOx"
"715",40,"M6",0.028753748,"NOx"
"716",42,"M6",0.015707684,"NOx"
"717",44,"M6",0.021905069,"NOx"
"718",46,"M6",0,"NOx"
"719",48,"M6",0.075462739,"NOx"
"720",50,"M6",0.078689913,"NOx"
"721",1,"M7",7.586766916,"NOx"
"722",2,"M7",6.804534053,"NOx"
"723",3,"M7",5.282110834,"NOx"
"724",4,"M7",3.823768855,"NOx"
"725",6,"M7",3.593970066,"NOx"
"726",8,"M7",3.084120658,"NOx"
"727",10,"M7",2.886863223,"NOx"
"728",12,"M7",3.309225228,"NOx"
"729",13,"M7",3.291880258,"NOx"
"730",14,"M7",1.909818342,"NOx"
"731",15,"M7",1.462442108,"NOx"
"732",16,"M7",0.750931954,"NOx"
"733",17,"M7",0.668533915,"NOx"
"734",18,"M7",0.280181543,"NOx"
"735",20,"M7",0.084021069,"NOx"
"736",22,"M7",0.034922185,"NOx"
"737",24,"M7",0.021650096,"NOx"
"738",26,"M7",0.059614941,"NOx"
"739",28,"M7",0.029014428,"NOx"
"740",30,"M7",0.062740147,"NOx"
"741",32,"M7",0.03420046,"NOx"
"742",34,"M7",0.023703208,"NOx"
"743",36,"M7",0.015589256,"NOx"
"744",38,"M7",0.016528441,"NOx"
"745",40,"M7",0.018089689,"NOx"
"746",42,"M7",0.008991185,"NOx"
"747",44,"M7",0.083937635,"NOx"
"748",46,"M7",0.007940727,"NOx"
"749",48,"M7",0.072974635,"NOx"
"750",50,"M7",0.107228415,"NOx"
"751",1,"M8",6.885081559,"NOx"
"752",2,"M8",6.292583846,"NOx"
"753",3,"M8",5.380744909,"NOx"
"754",4,"M8",4.078237823,"NOx"
"755",6,"M8",3.685058686,"NOx"
"756",8,"M8",3.42784952,"NOx"
"757",10,"M8",3.049324181,"NOx"
"758",12,"M8",2.399946703,"NOx"
"759",13,"M8",1.138468804,"NOx"
"760",14,"M8",0.898343887,"NOx"
"761",15,"M8",0.798391395,"NOx"
"762",16,"M8",0.494245202,"NOx"
"763",17,"M8",0.515758056,"NOx"
"764",18,"M8",0.117684178,"NOx"
"765",20,"M8",0.449113668,"NOx"
"766",22,"M8",0.04647824,"NOx"
"767",24,"M8",0.013025048,"NOx"
"768",26,"M8",0.065497942,"NOx"
"769",28,"M8",0.042576112,"NOx"
"770",30,"M8",0.035739686,"NOx"
"771",32,"M8",0.012418412,"NOx"
"772",34,"M8",0.032402629,"NOx"
"773",36,"M8",0.011489289,"NOx"
"774",38,"M8",0.019847761,"NOx"
"775",40,"M8",0.017693862,"NOx"
"776",42,"M8",0.012020168,"NOx"
"777",44,"M8",0,"NOx"
"778",46,"M8",0,"NOx"
"779",48,"M8",0.094214546,"NOx"
"780",50,"M8",0.108856672,"NOx"
"781",1,"Pacific",11.59576537,"NOx"
"782",2,"Pacific",11.78945309,"NOx"
"783",3,"Pacific",8.325610945,"NOx"
"784",4,"Pacific",3.287462999,"NOx"
"785",6,"Pacific",8.267897732,"NOx"
"786",8,"Pacific",8.487982351,"NOx"
"787",10,"Pacific",7.400037863,"NOx"
"788",12,"Pacific",2.710817529,"NOx"
"789",13,"Pacific",9.682074082,"NOx"
"790",14,"Pacific",12.26835288,"NOx"
"791",15,"Pacific",6.942593586,"NOx"
"792",16,"Pacific",3.476159514,"NOx"
"793",17,"Pacific",7.200720973,"NOx"
"794",18,"Pacific",3.806271917,"NOx"
"795",20,"Pacific",6.76235629,"NOx"
"796",22,"Pacific",13.07481339,"NOx"
"797",24,"Pacific",7.189531792,"NOx"
"798",26,"Pacific",9.150628651,"NOx"
"799",28,"Pacific",10.00614441,"NOx"
"800",30,"Pacific",16.24249389,"NOx"
"801",32,"Pacific",16.06975606,"NOx"
"802",34,"Pacific",17.68396712,"NOx"
"803",36,"Pacific",13.71274285,"NOx"
"804",38,"Pacific",15.13981766,"NOx"
"805",40,"Pacific",19.16607987,"NOx"
"806",42,"Pacific",18.44020485,"NOx"
"807",44,"Pacific",18.35389759,"NOx"
"808",46,"Pacific",14.06687639,"NOx"
"809",48,"Pacific",9.506578675,"NOx"
"810",50,"Pacific",11.7890871,"NOx"
"811",1,"M1",7.963230406,"SiO4"
"812",2,"M1",7.372664151,"SiO4"
"813",3,"M1",6.957425968,"SiO4"
"814",4,"M1",6.184583567,"SiO4"
"815",6,"M1",4.994695203,"SiO4"
"816",8,"M1",4.521636605,"SiO4"
"817",10,"M1",4.676403412,"SiO4"
"818",12,"M1",7.538081644,"SiO4"
"819",13,"M1",9.312163327,"SiO4"
"820",14,"M1",8.851597138,"SiO4"
"821",15,"M1",8.474260237,"SiO4"
"822",16,"M1",8.445634304,"SiO4"
"823",17,"M1",8.352955739,"SiO4"
"824",18,"M1",8.112361818,"SiO4"
"825",20,"M1",8.318343665,"SiO4"
"826",22,"M1",8.35505601,"SiO4"
"827",24,"M1",8.390093166,"SiO4"
"828",26,"M1",8.948679213,"SiO4"
"829",28,"M1",8.519639781,"SiO4"
"830",30,"M1",7.965987876,"SiO4"
"831",32,"M1",6.959328961,"SiO4"
"832",34,"M1",7.741823813,"SiO4"
"833",36,"M1",8.070152817,"SiO4"
"834",38,"M1",6.898809524,"SiO4"
"835",40,"M1",6.417710252,"SiO4"
"836",42,"M1",5.001045212,"SiO4"
"837",44,"M1",3.828217333,"SiO4"
"838",46,"M1",3.966107715,"SiO4"
"839",48,"M1",3.439497295,"SiO4"
"840",50,"M1",3.611393387,"SiO4"
"841",1,"M2",10.01397841,"SiO4"
"842",2,"M2",8.97434332,"SiO4"
"843",3,"M2",7.736114585,"SiO4"
"844",4,"M2",6.020534328,"SiO4"
"845",6,"M2",4.886165371,"SiO4"
"846",8,"M2",4.315584742,"SiO4"
"847",10,"M2",4.62240028,"SiO4"
"848",12,"M2",7.697567945,"SiO4"
"849",13,"M2",9.489911349,"SiO4"
"850",14,"M2",8.339110258,"SiO4"
"851",15,"M2",7.653750519,"SiO4"
"852",16,"M2",7.491428553,"SiO4"
"853",17,"M2",7.461148891,"SiO4"
"854",18,"M2",6.830557616,"SiO4"
"855",20,"M2",7.421832393,"SiO4"
"856",22,"M2",7.669814852,"SiO4"
"857",24,"M2",7.591030972,"SiO4"
"858",26,"M2",7.873033859,"SiO4"
"859",28,"M2",7.590203647,"SiO4"
"860",30,"M2",7.716675668,"SiO4"
"861",32,"M2",6.647656584,"SiO4"
"862",34,"M2",7.394399748,"SiO4"
"863",36,"M2",7.609240984,"SiO4"
"864",38,"M2",7.133582522,"SiO4"
"865",40,"M2",7.027800481,"SiO4"
"866",42,"M2",5.982960733,"SiO4"
"867",44,"M2",5.229152769,"SiO4"
"868",46,"M2",5.408125427,"SiO4"
"869",48,"M2",4.938243641,"SiO4"
"870",50,"M2",4.500909454,"SiO4"
"871",1,"M3",7.427472422,"SiO4"
"872",2,"M3",7.830475028,"SiO4"
"873",3,"M3",6.801017762,"SiO4"
"874",4,"M3",6.090518261,"SiO4"
"875",6,"M3",5.074283747,"SiO4"
"876",8,"M3",4.365338136,"SiO4"
"877",10,"M3",4.794803483,"SiO4"
"878",12,"M3",7.411593888,"SiO4"
"879",13,"M3",9.544810232,"SiO4"
"880",14,"M3",8.521572339,"SiO4"
"881",15,"M3",8.260498438,"SiO4"
"882",16,"M3",7.9793061,"SiO4"
"883",17,"M3",7.710681076,"SiO4"
"884",18,"M3",7.33821016,"SiO4"
"885",20,"M3",7.246529145,"SiO4"
"886",22,"M3",6.903224179,"SiO4"
"887",24,"M3",6.47351616,"SiO4"
"888",26,"M3",6.527695319,"SiO4"
"889",28,"M3",5.705276334,"SiO4"
"890",30,"M3",5.79849212,"SiO4"
"891",32,"M3",5.214905458,"SiO4"
"892",34,"M3",6.03786331,"SiO4"
"893",36,"M3",6.183408144,"SiO4"
"894",38,"M3",6.018892838,"SiO4"
"895",40,"M3",5.057491763,"SiO4"
"896",42,"M3",4.41463092,"SiO4"
"897",44,"M3",3.801971312,"SiO4"
"898",46,"M3",4.288478951,"SiO4"
"899",48,"M3",3.307890927,"SiO4"
"900",50,"M3",3.381688447,"SiO4"
"901",1,"M4",6.119491339,"SiO4"
"902",2,"M4",5.881680437,"SiO4"
"903",3,"M4",5.613561224,"SiO4"
"904",4,"M4",5.588861412,"SiO4"
"905",6,"M4",4.807826091,"SiO4"
"906",8,"M4",3.918748329,"SiO4"
"907",10,"M4",4.034803132,"SiO4"
"908",12,"M4",6.354031714,"SiO4"
"909",13,"M4",8.560431865,"SiO4"
"910",14,"M4",8.379451682,"SiO4"
"911",15,"M4",8.328564833,"SiO4"
"912",16,"M4",8.096137339,"SiO4"
"913",17,"M4",8.129505169,"SiO4"
"914",18,"M4",7.785760619,"SiO4"
"915",20,"M4",8.022457672,"SiO4"
"916",22,"M4",7.928599415,"SiO4"
"917",24,"M4",7.726629801,"SiO4"
"918",26,"M4",7.521213697,"SiO4"
"919",28,"M4",6.838686856,"SiO4"
"920",30,"M4",6.818384207,"SiO4"
"921",32,"M4",5.878864144,"SiO4"
"922",34,"M4",6.179792108,"SiO4"
"923",36,"M4",5.490073339,"SiO4"
"924",38,"M4",4.156543283,"SiO4"
"925",40,"M4",3.776009077,"SiO4"
"926",42,"M4",3.297915197,"SiO4"
"927",44,"M4",2.808508513,"SiO4"
"928",46,"M4",3.016187686,"SiO4"
"929",48,"M4",2.471917174,"SiO4"
"930",50,"M4",2.467158248,"SiO4"
"931",1,"M5",8.817223848,"SiO4"
"932",2,"M5",8.134316237,"SiO4"
"933",3,"M5",7.404233209,"SiO4"
"934",4,"M5",6.586145473,"SiO4"
"935",6,"M5",5.076622113,"SiO4"
"936",8,"M5",4.490669667,"SiO4"
"937",10,"M5",5.131505432,"SiO4"
"938",12,"M5",7.249354373,"SiO4"
"939",13,"M5",8.362568104,"SiO4"
"940",14,"M5",7.230243655,"SiO4"
"941",15,"M5",6.793025524,"SiO4"
"942",16,"M5",6.585131898,"SiO4"
"943",17,"M5",6.774264364,"SiO4"
"944",18,"M5",6.606848129,"SiO4"
"945",20,"M5",6.838220228,"SiO4"
"946",22,"M5",6.836895935,"SiO4"
"947",24,"M5",7.102007696,"SiO4"
"948",26,"M5",7.34432906,"SiO4"
"949",28,"M5",6.863872325,"SiO4"
"950",30,"M5",6.943283594,"SiO4"
"951",32,"M5",6.210471797,"SiO4"
"952",34,"M5",7.249938477,"SiO4"
"953",36,"M5",7.257477328,"SiO4"
"954",38,"M5",6.798611384,"SiO4"
"955",40,"M5",6.611875042,"SiO4"
"956",42,"M5",6.238182519,"SiO4"
"957",44,"M5",5.612936042,"SiO4"
"958",46,"M5",5.539606663,"SiO4"
"959",48,"M5",4.731584437,"SiO4"
"960",50,"M5",4.197921724,"SiO4"
"961",1,"M6",9.521344269,"SiO4"
"962",2,"M6",8.715436917,"SiO4"
"963",3,"M6",7.549308144,"SiO4"
"964",4,"M6",6.086778548,"SiO4"
"965",6,"M6",5.061795108,"SiO4"
"966",8,"M6",5.086155609,"SiO4"
"967",10,"M6",5.546994519,"SiO4"
"968",12,"M6",7.719521622,"SiO4"
"969",13,"M6",8.678833072,"SiO4"
"970",14,"M6",7.257155356,"SiO4"
"971",15,"M6",6.9037875,"SiO4"
"972",16,"M6",6.659368245,"SiO4"
"973",17,"M6",7.549094359,"SiO4"
"974",18,"M6",6.533860319,"SiO4"
"975",20,"M6",8.053264218,"SiO4"
"976",22,"M6",6.719594403,"SiO4"
"977",24,"M6",7.044891397,"SiO4"
"978",26,"M6",7.126166203,"SiO4"
"979",28,"M6",7.338069833,"SiO4"
"980",30,"M6",7.015622703,"SiO4"
"981",32,"M6",6.395182608,"SiO4"
"982",34,"M6",7.102059076,"SiO4"
"983",36,"M6",7.481594956,"SiO4"
"984",38,"M6",6.983866561,"SiO4"
"985",40,"M6",6.921616654,"SiO4"
"986",42,"M6",6.466205614,"SiO4"
"987",44,"M6",5.793054164,"SiO4"
"988",46,"M6",5.681060396,"SiO4"
"989",48,"M6",4.767232829,"SiO4"
"990",50,"M6",4.302079385,"SiO4"
"991",1,"M7",10.34689664,"SiO4"
"992",2,"M7",9.568375426,"SiO4"
"993",3,"M7",7.91716756,"SiO4"
"994",4,"M7",6.145008035,"SiO4"
"995",6,"M7",4.49816071,"SiO4"
"996",8,"M7",4.238247034,"SiO4"
"997",10,"M7",4.835804384,"SiO4"
"998",12,"M7",7.060431095,"SiO4"
"999",13,"M7",7.465755533,"SiO4"
"1000",14,"M7",5.940781247,"SiO4"
"1001",15,"M7",5.587874562,"SiO4"
"1002",16,"M7",5.754138765,"SiO4"
"1003",17,"M7",5.489812639,"SiO4"
"1004",18,"M7",5.658087989,"SiO4"
"1005",20,"M7",6.039020029,"SiO4"
"1006",22,"M7",6.045160379,"SiO4"
"1007",24,"M7",6.411376674,"SiO4"
"1008",26,"M7",6.778024026,"SiO4"
"1009",28,"M7",6.353158033,"SiO4"
"1010",30,"M7",6.541114988,"SiO4"
"1011",32,"M7",5.727220669,"SiO4"
"1012",34,"M7",6.355112756,"SiO4"
"1013",36,"M7",6.189057585,"SiO4"
"1014",38,"M7",5.843421948,"SiO4"
"1015",40,"M7",5.694887656,"SiO4"
"1016",42,"M7",5.368243784,"SiO4"
"1017",44,"M7",5.046225547,"SiO4"
"1018",46,"M7",5.058962325,"SiO4"
"1019",48,"M7",4.47278513,"SiO4"
"1020",50,"M7",4.224917146,"SiO4"
"1021",1,"M8",9.627966561,"SiO4"
"1022",2,"M8",8.956191156,"SiO4"
"1023",3,"M8",7.899220068,"SiO4"
"1024",4,"M8",6.550071741,"SiO4"
"1025",6,"M8",4.911350858,"SiO4"
"1026",8,"M8",4.662083764,"SiO4"
"1027",10,"M8",4.811483033,"SiO4"
"1028",12,"M8",7.170983827,"SiO4"
"1029",13,"M8",8.043548189,"SiO4"
"1030",14,"M8",6.970166883,"SiO4"
"1031",15,"M8",6.577978749,"SiO4"
"1032",16,"M8",6.456675498,"SiO4"
"1033",17,"M8",6.213140935,"SiO4"
"1034",18,"M8",6.109620627,"SiO4"
"1035",20,"M8",7.037101431,"SiO4"
"1036",22,"M8",6.203602214,"SiO4"
"1037",24,"M8",6.360638679,"SiO4"
"1038",26,"M8",6.662128965,"SiO4"
"1039",28,"M8",6.410104462,"SiO4"
"1040",30,"M8",6.488032405,"SiO4"
"1041",32,"M8",5.677784538,"SiO4"
"1042",34,"M8",6.607595994,"SiO4"
"1043",36,"M8",6.651329023,"SiO4"
"1044",38,"M8",5.832738995,"SiO4"
"1045",40,"M8",5.287273827,"SiO4"
"1046",42,"M8",4.343295235,"SiO4"
"1047",44,"M8",4.053944396,"SiO4"
"1048",46,"M8",4.451629014,"SiO4"
"1049",48,"M8",4.393327049,"SiO4"
"1050",50,"M8",4.453627285,"SiO4"
"1051",1,"Pacific",11.04180861,"SiO4"
"1052",2,"Pacific",9.366439245,"SiO4"
"1053",3,"Pacific",11.49850398,"SiO4"
"1054",4,"Pacific",13.30036523,"SiO4"
"1055",6,"Pacific",12.19655949,"SiO4"
"1056",8,"Pacific",13.80606751,"SiO4"
"1057",10,"Pacific",12.1101379,"SiO4"
"1058",12,"Pacific",18.67264576,"SiO4"
"1059",13,"Pacific",9.606411795,"SiO4"
"1060",14,"Pacific",8.297350464,"SiO4"
"1061",15,"Pacific",8.344492563,"SiO4"
"1062",16,"Pacific",9.350657934,"SiO4"
"1063",17,"Pacific",9.117868214,"SiO4"
"1064",18,"Pacific",10.71867219,"SiO4"
"1065",20,"Pacific",10.51671632,"SiO4"
"1066",22,"Pacific",8.531877507,"SiO4"
"1067",24,"Pacific",6.60892451,"SiO4"
"1068",26,"Pacific",9.297757405,"SiO4"
"1069",28,"Pacific",10.4001226,"SiO4"
"1070",30,"Pacific",8.372516346,"SiO4"
"1071",32,"Pacific",11.66124277,"SiO4"
"1072",34,"Pacific",13.12654172,"SiO4"
"1073",36,"Pacific",16.57191126,"SiO4"
"1074",38,"Pacific",16.56613761,"SiO4"
"1075",40,"Pacific",12.26822119,"SiO4"
"1076",42,"Pacific",11.25230138,"SiO4"
"1077",44,"Pacific",9.499796434,"SiO4"
"1078",46,"Pacific",12.50110408,"SiO4"
"1079",48,"Pacific",10.93949457,"SiO4"
"1080",50,"Pacific",11.42966337,"SiO4"
"1081",1,"M1",4.890476928,"chla"
"1082",2,"M1",3.856601741,"chla"
"1083",3,"M1",2.275482077,"chla"
"1084",4,"M1",2.434711685,"chla"
"1085",6,"M1",1.663879245,"chla"
"1086",8,"M1",1.71374113,"chla"
"1087",10,"M1",1.848085474,"chla"
"1088",12,"M1",2.114915604,"chla"
"1089",13,"M1",2.295291497,"chla"
"1090",14,"M1",2.164869085,"chla"
"1091",15,"M1",3.066317357,"chla"
"1092",16,"M1",4.037029955,"chla"
"1093",17,"M1",3.678414079,"chla"
"1094",18,"M1",4.764757747,"chla"
"1095",20,"M1",5.715915529,"chla"
"1096",22,"M1",3.794092439,"chla"
"1097",24,"M1",4.123622013,"chla"
"1098",26,"M1",4.456758195,"chla"
"1099",28,"M1",4.806852816,"chla"
"1100",30,"M1",4.755350543,"chla"
"1101",32,"M1",5.446323501,"chla"
"1102",34,"M1",6.224616339,"chla"
"1103",36,"M1",5.730368588,"chla"
"1104",38,"M1",5.170602422,"chla"
"1105",40,"M1",5.479977597,"chla"
"1106",42,"M1",5.003943891,"chla"
"1107",44,"M1",7.258841705,"chla"
"1108",46,"M1",12.60335509,"chla"
"1109",48,"M1",14.74731403,"chla"
"1110",50,"M1",21.88715035,"chla"
"1111",1,"M2",2.560521011,"chla"
"1112",2,"M2",3.726906124,"chla"
"1113",3,"M2",1.772868522,"chla"
"1114",4,"M2",1.769996687,"chla"
"1115",6,"M2",2.232368489,"chla"
"1116",8,"M2",1.85096618,"chla"
"1117",10,"M2",2.246945064,"chla"
"1118",12,"M2",2.71755295,"chla"
"1119",13,"M2",4.364162324,"chla"
"1120",14,"M2",4.077413655,"chla"
"1121",15,"M2",4.052193005,"chla"
"1122",16,"M2",4.533788404,"chla"
"1123",17,"M2",4.874534285,"chla"
"1124",18,"M2",5.879731291,"chla"
"1125",20,"M2",7.229023577,"chla"
"1126",22,"M2",3.572927888,"chla"
"1127",24,"M2",5.631915336,"chla"
"1128",26,"M2",5.358237799,"chla"
"1129",28,"M2",4.355953188,"chla"
"1130",30,"M2",4.60024887,"chla"
"1131",32,"M2",5.236275186,"chla"
"1132",34,"M2",3.452929457,"chla"
"1133",36,"M2",5.38559845,"chla"
"1134",38,"M2",5.250741594,"chla"
"1135",40,"M2",4.865727111,"chla"
"1136",42,"M2",3.424598337,"chla"
"1137",44,"M2",9.562575418,"chla"
"1138",46,"M2",8.618741366,"chla"
"1139",48,"M2",1.386545186,"chla"
"1140",50,"M2",10.62268147,"chla"
"1141",1,"M3",3.173159293,"chla"
"1142",2,"M3",4.433216986,"chla"
"1143",3,"M3",2.057574385,"chla"
"1144",4,"M3",2.028323698,"chla"
"1145",6,"M3",1.824916839,"chla"
"1146",8,"M3",1.654390276,"chla"
"1147",10,"M3",1.660753197,"chla"
"1148",12,"M3",1.177939958,"chla"
"1149",13,"M3",2.856047169,"chla"
"1150",14,"M3",2.46448672,"chla"
"1151",15,"M3",2.082059238,"chla"
"1152",16,"M3",2.40174907,"chla"
"1153",17,"M3",2.100866939,"chla"
"1154",18,"M3",1.653912744,"chla"
"1155",20,"M3",0.990807449,"chla"
"1156",22,"M3",1.03420639,"chla"
"1157",24,"M3",2.799030109,"chla"
"1158",26,"M3",2.780505647,"chla"
"1159",28,"M3",3.51994219,"chla"
"1160",30,"M3",4.286551917,"chla"
"1161",32,"M3",4.442886424,"chla"
"1162",34,"M3",1.007786579,"chla"
"1163",36,"M3",5.633794358,"chla"
"1164",38,"M3",3.559227831,"chla"
"1165",40,"M3",5.581973097,"chla"
"1166",42,"M3",5.193753251,"chla"
"1167",44,"M3",6.12105318,"chla"
"1168",46,"M3",11.51385847,"chla"
"1169",48,"M3",16.49849904,"chla"
"1170",50,"M3",19.64487514,"chla"
"1171",1,"M4",4.224875664,"chla"
"1172",2,"M4",5.255985321,"chla"
"1173",3,"M4",2.749979608,"chla"
"1174",4,"M4",1.99464115,"chla"
"1175",6,"M4",1.807366477,"chla"
"1176",8,"M4",2.440380081,"chla"
"1177",10,"M4",2.979633827,"chla"
"1178",12,"M4",2.022214952,"chla"
"1179",13,"M4",1.735577093,"chla"
"1180",14,"M4",1.718162726,"chla"
"1181",15,"M4",1.889343421,"chla"
"1182",16,"M4",1.861746023,"chla"
"1183",17,"M4",1.835443563,"chla"
"1184",18,"M4",1.599419726,"chla"
"1185",20,"M4",1.074512054,"chla"
"1186",22,"M4",0.62512028,"chla"
"1187",24,"M4",1.21632754,"chla"
"1188",26,"M4",1.198194599,"chla"
"1189",28,"M4",1.7843546,"chla"
"1190",30,"M4",2.431207323,"chla"
"1191",32,"M4",2.525830865,"chla"
"1192",34,"M4",0.86164447,"chla"
"1193",36,"M4",1.90458477,"chla"
"1194",38,"M4",1.81845524,"chla"
"1195",40,"M4",1.33764373,"chla"
"1196",42,"M4",1.278034586,"chla"
"1197",44,"M4",2.339325736,"chla"
"1198",46,"M4",1.831425844,"chla"
"1199",48,"M4",1.994109568,"chla"
"1200",50,"M4",1.617082747,"chla"
"1201",1,"M5",3.210869577,"chla"
"1202",2,"M5",3.770764519,"chla"
"1203",3,"M5",2.241480598,"chla"
"1204",4,"M5",2.280800398,"chla"
"1205",6,"M5",2.317141999,"chla"
"1206",8,"M5",1.43784026,"chla"
"1207",10,"M5",1.744712706,"chla"
"1208",12,"M5",3.561594276,"chla"
"1209",13,"M5",4.097540469,"chla"
"1210",14,"M5",3.856692719,"chla"
"1211",15,"M5",3.012732821,"chla"
"1212",16,"M5",2.59988499,"chla"
"1213",17,"M5",2.956269162,"chla"
"1214",18,"M5",3.800451595,"chla"
"1215",20,"M5",5.439762085,"chla"
"1216",22,"M5",3.365037861,"chla"
"1217",24,"M5",4.821870491,"chla"
"1218",26,"M5",4.984128239,"chla"
"1219",28,"M5",4.626833947,"chla"
"1220",30,"M5",4.120157369,"chla"
"1221",32,"M5",4.398939738,"chla"
"1222",34,"M5",4.670985049,"chla"
"1223",36,"M5",5.409415375,"chla"
"1224",38,"M5",5.242253448,"chla"
"1225",40,"M5",4.18709623,"chla"
"1226",42,"M5",4.803275251,"chla"
"1227",44,"M5",8.454832749,"chla"
"1228",46,"M5",14.31601146,"chla"
"1229",48,"M5",18.28418158,"chla"
"1230",50,"M5",18.16138273,"chla"
"1231",1,"M6",2.673942279,"chla"
"1232",2,"M6",3.140122457,"chla"
"1233",3,"M6",1.846792784,"chla"
"1234",4,"M6",2.173548435,"chla"
"1235",6,"M6",1.904868433,"chla"
"1236",8,"M6",1.519136102,"chla"
"1237",10,"M6",1.987702336,"chla"
"1238",12,"M6",4.250453259,"chla"
"1239",13,"M6",3.613632449,"chla"
"1240",14,"M6",4.842559885,"chla"
"1241",15,"M6",3.519385402,"chla"
"1242",16,"M6",2.787468111,"chla"
"1243",17,"M6",2.804444104,"chla"
"1244",18,"M6",3.330857187,"chla"
"1245",20,"M6",4.891130925,"chla"
"1246",22,"M6",6.134221894,"chla"
"1247",24,"M6",6.950332444,"chla"
"1248",26,"M6",5.34067724,"chla"
"1249",28,"M6",4.149309477,"chla"
"1250",30,"M6",3.485930939,"chla"
"1251",32,"M6",4.307246209,"chla"
"1252",34,"M6",3.690123016,"chla"
"1253",36,"M6",7.148563216,"chla"
"1254",38,"M6",4.63294861,"chla"
"1255",40,"M6",4.108329257,"chla"
"1256",42,"M6",4.107259217,"chla"
"1257",44,"M6",6.674612301,"chla"
"1258",46,"M6",7.141941399,"chla"
"1259",48,"M6",8.897000681,"chla"
"1260",50,"M6",18.02382592,"chla"
"1261",1,"M7",2.325048562,"chla"
"1262",2,"M7",3.599118757,"chla"
"1263",3,"M7",1.947308553,"chla"
"1264",4,"M7",1.595698697,"chla"
"1265",6,"M7",2.044881413,"chla"
"1266",8,"M7",1.853155536,"chla"
"1267",10,"M7",1.897734656,"chla"
"1268",12,"M7",4.288614604,"chla"
"1269",13,"M7",6.179131085,"chla"
"1270",14,"M7",6.069190571,"chla"
"1271",15,"M7",5.277148321,"chla"
"1272",16,"M7",5.921781019,"chla"
"1273",17,"M7",4.584450007,"chla"
"1274",18,"M7",6.50662248,"chla"
"1275",20,"M7",8.529350737,"chla"
"1276",22,"M7",4.274154202,"chla"
"1277",24,"M7",5.134858907,"chla"
"1278",26,"M7",5.388798036,"chla"
"1279",28,"M7",4.846234108,"chla"
"1280",30,"M7",4.53026079,"chla"
"1281",32,"M7",4.633209324,"chla"
"1282",34,"M7",5.06625374,"chla"
"1283",36,"M7",6.89218383,"chla"
"1284",38,"M7",5.677642829,"chla"
"1285",40,"M7",5.500165662,"chla"
"1286",42,"M7",5.154392681,"chla"
"1287",44,"M7",11.26750791,"chla"
"1288",46,"M7",20.01253521,"chla"
"1289",48,"M7",11.81333265,"chla"
"1290",50,"M7",37.78272023,"chla"
"1291",1,"M8",2.494191506,"chla"
"1292",2,"M8",3.406071722,"chla"
"1293",3,"M8",2.403546657,"chla"
"1294",4,"M8",1.709368173,"chla"
"1295",6,"M8",2.266015617,"chla"
"1296",8,"M8",1.849633904,"chla"
"1297",10,"M8",2.086841037,"chla"
"1298",12,"M8",3.006324083,"chla"
"1299",13,"M8",4.312809742,"chla"
"1300",14,"M8",3.875541872,"chla"
"1301",15,"M8",3.133999814,"chla"
"1302",16,"M8",2.735648714,"chla"
"1303",17,"M8",3.269213109,"chla"
"1304",18,"M8",3.839650804,"chla"
"1305",20,"M8",4.956020844,"chla"
"1306",22,"M8",3.139462584,"chla"
"1307",24,"M8",4.360932488,"chla"
"1308",26,"M8",4.021961686,"chla"
"1309",28,"M8",4.002689094,"chla"
"1310",30,"M8",4.244216172,"chla"
"1311",32,"M8",3.966101425,"chla"
"1312",34,"M8",3.699590674,"chla"
"1313",36,"M8",3.171170208,"chla"
"1314",38,"M8",5.233203489,"chla"
"1315",40,"M8",5.382111516,"chla"
"1316",42,"M8",6.504740609,"chla"
"1317",44,"M8",6.152620209,"chla"
"1318",46,"M8",9.187571876,"chla"
"1319",48,"M8",13.36415092,"chla"
"1320",50,"M8",7.078234569,"chla"
"1321",1,"M9",NA,"chla"
"1322",2,"M9",NA,"chla"
"1323",3,"M9",2.855636464,"chla"
"1324",4,"M9",3.252451169,"chla"
"1325",6,"M9",4.529655698,"chla"
"1326",8,"M9",1.166821688,"chla"
"1327",10,"M9",1.997716998,"chla"
"1328",12,"M9",3.302935424,"chla"
"1329",13,"M9",6.900683823,"chla"
"1330",14,"M9",4.585435699,"chla"
"1331",15,"M9",7.16817829,"chla"
"1332",16,"M9",4.893756057,"chla"
"1333",17,"M9",4.504049847,"chla"
"1334",18,"M9",4.164831808,"chla"
"1335",20,"M9",3.924507426,"chla"
"1336",22,"M9",7.21046187,"chla"
"1337",24,"M9",6.964120288,"chla"
"1338",26,"M9",5.015079793,"chla"
"1339",28,"M9",4.387713616,"chla"
"1340",30,"M9",10.60057698,"chla"
"1341",32,"M9",2.800437748,"chla"
"1342",34,"M9",4.845819332,"chla"
"1343",36,"M9",5.170229025,"chla"
"1344",38,"M9",1.787597013,"chla"
"1345",40,"M9",3.192604321,"chla"
"1346",42,"M9",4.192966341,"chla"
"1347",44,"M9",6.12830359,"chla"
"1348",46,"M9",4.851065905,"chla"
"1349",48,"M9",7.12767759,"chla"
"1350",50,"M9",7.376906372,"chla"
